{
  "network": 0.07046695011110415,
  "application": 0.053086815215363486,
  "endpoint": 0.051966422392448725
}